Zip,Sum of Number of Services,Sum of Number of Unique Beneficiaries,Count of Number of Unique Beneficiaries,Sum of Total Medicare Payment Amount,Average of Percent (%) of Beneficiaries Identified With Cancer,Average of Percent (%) of Beneficiaries Identified With Diabetes,Average of Average HCC Risk Score of Beneficiaries
2919,908,64,1,21048.38,,0.38,1.034
33606,80,72,1,8910.76,,0.35,1.8647
70030,1111,229,1,70659.08,0.08,0.32,1.7736
73301,121,77,1,4546.11,,0.25,1.1364
74406,205,162,1,9187.43,,0.51,1.2256
75001,152502,23304,70,7674075.31,0.142777778,0.449354839,2.150604286
75002,14979,4528,30,715183.22,0.075714286,0.296315789,1.254893333
75006,60160,13478,39,3126535.37,0.105714286,0.3596,1.217579487
75007,133268,8459,45,2811584.7,0.094761905,0.355555556,1.369262222
75009,7760,1219,9,212258.72,0.1,0.321666667,1.057
75010,188432,24278,111,8064238.88,0.108125,0.344791667,1.292125225
75013,200053,27362,138,8061960.33,0.123466667,0.326238532,1.22477971
75019,42411,9537,58,1928301.78,0.087777778,0.297894737,1.1245
75020,586064,103533,109,20562088.95,0.120947368,0.374953271,1.582922936
75021,23,23,1,1429.59,,,1.3279
75022,36478,6285,33,1090054.66,0.1,0.318695652,1.248209091
75023,57228,14154,70,2331392.58,0.086428571,0.277142857,1.06574
75024,309105,44805,120,14054075.05,0.11125,0.318383838,1.276571667
75025,34034,5708,29,1136718.16,0.108,0.283333333,1.150610345
75028,122440,20861,105,6229150.61,0.125762712,0.292142857,1.068465714
75032,151272,30963,109,8064636.92,0.096944444,0.319,1.219079817
75033,24804,3196,22,938125.53,0.101666667,0.295,1.098809091
75034,197339,28125,155,8505983.09,0.11164557,0.33295082,1.330731613
75035,162918,16440,89,6716679.79,0.112181818,0.346666667,1.41661573
75038,312206,41514,92,14492512.74,0.107230769,0.396666667,1.572721739
75039,754936,172350,132,42079318.79,0.134343434,0.362372881,1.499089394
75040,72160,11667,52,2905507.34,0.089615385,0.369318182,1.170859615
75041,81727,7390,22,2953931.29,0.16625,0.413157895,1.671890909
75042,3340715,121960,197,39936900.54,0.119673203,0.410978261,1.755014213
75043,39031,6024,23,1561842.21,0.102857143,0.383157895,1.682808696
75044,28184,6077,25,1798181.99,0.068333333,0.323,1.254044
75047,1239,429,1,75240.9,0.14,0.45,2.1393
75048,7793,1686,10,338286.86,0.0725,0.33625,1.17875
75050,30411,4056,23,1151715.39,0.10125,0.374,1.250886957
75051,30287,5843,32,1355500.18,0.089047619,0.354333333,1.2504625
75052,300349,18287,39,8737762.23,0.1,0.381176471,1.282146154
75054,4214,1122,4,275863.16,0.106666667,0.4075,2.029375
75056,18007,2429,21,769849.1,0.125714286,0.323333333,1.100171429
75057,204915,33806,83,10021563.57,0.12754386,0.37109589,1.568712048
75060,20149,3429,15,998075.69,0.11875,0.350833333,1.2254
75061,861469,65418,159,22417196.59,0.138319328,0.431324503,1.891449686
75062,126755,41777,62,3961636.3,0.079722222,0.392,1.366827419
75063,3568879,402650,85,51399640.25,0.15125,0.350434783,1.284991765
75065,3583,1012,5,122869.42,0.0775,0.315,0.93746
75067,879390,78222,67,20770606.2,0.15804878,0.353529412,1.422467164
75068,9620,1751,19,356417.4,0.105,0.35,1.252721053
75069,502509,41796,110,21838025.19,0.120470588,0.353571429,1.468135455
75070,94402,18790,97,4318246.18,0.10625,0.323,1.226886598
75071,262451,30632,90,9725717.43,0.118333333,0.33961039,1.383571111
75072,2040,198,1,22583.22,0.06,0.44,1.1256
75074,67048,9628,52,2945697.2,0.100344828,0.361666667,1.436819231
75075,941016,187544,236,29496704.96,0.155730994,0.348613861,1.461282203
75076,3519,322,2,86439.58,0.14,0.28,1.5012
75077,51827,6402,39,2471497.6,0.092380952,0.330625,1.284074359
75078,4005,899,12,154383.8,0.125,0.281111111,0.993425
75080,329518,59169,160,14864703.2,0.116842105,0.310367647,1.299614375
75081,66909,9343,47,2161912.09,0.094642857,0.325882353,1.250495745
75082,58515,14108,64,3476854.76,0.15725,0.345,1.393554688
75087,86985,12176,57,4186670.61,0.0875,0.359767442,1.27665614
75088,198173,35585,77,6697325.36,0.112372881,0.368028169,1.418071429
75089,14169,3057,16,775711.96,0.0775,0.37,1.44309375
75090,1033823,45306,87,24244803.69,0.138571429,0.344078947,1.418477011
75092,417542,59447,131,17466885.16,0.1181,0.379661017,1.600083969
75093,1435044,216639,617,62997446.71,0.140113895,0.322705882,1.365900324
75094,17062,2638,15,547675.04,0.087142857,0.413333333,1.41222
75098,24414,3965,31,663903.84,0.083571429,0.317083333,1.20253871
75103,20441,4524,15,456884.79,0.086153846,0.270769231,0.964406667
75104,80690,18627,52,4617204.96,0.084166667,0.395111111,1.391442308
75109,1335,844,1,25733.35,0.13,0.41,1.6719
75110,168929,29899,66,6576040.09,0.106666667,0.366923077,1.396689394
75114,944,539,1,70650.83,0.12,0.41,1.995
75115,477183,81697,123,20607217.42,0.111458333,0.48112069,2.172130894
75116,66855,10365,33,2508769.77,0.1045,0.402,1.358533333
75119,87900,10853,41,4096223.07,0.092142857,0.359473684,1.349070732
75125,16062,850,2,439409.18,0.09,0.43,1.4454
75126,23013,4185,18,845425.77,0.1075,0.306923077,1.139688889
75134,7620,469,1,263285.54,0.08,0.57,2.6912
75137,110557,6896,18,2705079.77,0.184166667,0.377647059,1.465516667
75140,11753,1429,7,255741.9,0.1,0.29,1.164228571
75141,2647,200,2,135991.78,0.11,0.585,2.7358
75142,63817,14875,37,2498591.62,0.1024,0.369444444,1.450713514
75143,7735,944,7,187881.52,0.073333333,0.268,1.207985714
75146,40950,6382,19,1953082.08,0.085333333,0.461764706,1.767326316
75147,1759,815,3,31740.85,0.07,0.28,1.0445
75148,3506,407,1,148607.95,0.1,0.37,1.5649
75149,215937,44474,83,8480918.86,0.106166667,0.445064935,1.73343012
75150,622396,54672,152,20511611.31,0.132524272,0.421328671,1.643874342
75151,2564,859,1,128660.42,0.1,0.5,2.2889
75152,101,94,1,15446.74,0.12,0.44,1.2268
75154,66189,5592,19,2426046.21,0.064166667,0.403529412,1.420536842
75155,207,176,1,18711.58,0.09,0.44,2.0087
75156,38763,6091,19,1181213.73,0.079230769,0.356428571,1.319652632
75159,906,412,3,17188.63,0.07,0.263333333,0.933666667
75160,69476,11875,54,2051454.36,0.063142857,0.3625,1.314001852
75163,3573,368,1,132151.05,0.1,0.33,1.2629
75165,121176,29927,97,6596875.63,0.104347826,0.376781609,1.424107216
75169,4106,741,5,122718.48,0.09,0.26,1.0427
75172,999,42,1,22398.78,,0.64,2.5054
75180,15152,2119,3,437902.61,0.07,0.456666667,1.728366667
75181,297,172,2,16774.01,0.15,0.355,1.09075
75182,66342,16514,43,4316829.73,0.10516129,0.396842105,1.593027907
75185,3034,2132,5,251736.13,0.094,0.426,1.81706
75189,12435,1354,7,491183.22,0.05,0.331666667,1.193057143
75201,55873,21320,57,3743593.95,0.101836735,0.444210526,2.113308772
75202,43692,4242,7,696230.39,0.0525,0.442,1.688714286
75203,248097,59976,150,13870289.67,0.140186916,0.483956835,2.315621333
75204,976718,125697,200,33590672.14,0.11222973,0.361542857,1.521427
75205,72311,24467,52,5388508.63,0.128205128,0.381904762,1.563309615
75206,61527,18006,43,4208632.06,0.0952,0.365,1.437848837
75207,3814,1718,11,165954.59,0.093333333,0.351,1.493663636
75208,310918,53914,167,21787252.42,0.114748201,0.492,2.308347305
75209,7611,4026,13,260283.81,0.164,0.321111111,1.218
75210,462,161,2,10868.58,0.045,0.545,1.31415
75211,12052,4786,31,382972.06,0.065833333,0.424444444,1.312816129
75212,4816,722,4,168319.43,0.025,0.463333333,1.497175
75214,257081,10343,46,4248797.36,0.107037037,0.329722222,1.278882609
75215,44119,3502,13,1361990.96,0.04875,0.394444444,1.582792308
75216,53617,13784,48,1778738.14,0.088888889,0.435,1.63168125
75217,17369,4154,27,743865.33,0.122,0.506521739,1.455322222
75218,155768,30407,91,7253888.18,0.1034375,0.380123457,1.453725275
75219,53764,16102,95,3654127.94,0.142985075,0.367529412,1.549257895
75220,15239,2730,23,538862.27,0.068571429,0.418823529,1.211365217
75224,63763,14883,42,3340366.76,0.0975,0.479487179,1.657102381
75225,62918,12273,47,3353956.42,0.122424242,0.273947368,1.195129787
75226,243847,58868,50,16917832.06,0.117659574,0.437142857,2.192858
75227,10660,2511,12,492159.87,0.25,0.462222222,1.87595
75228,24670,5991,33,1380537.09,0.051875,0.35875,1.443193939
75229,12104,2345,11,1659122.66,0.157142857,0.295,1.345636364
75230,4188472,545470,334,79945178.7,0.155789474,0.332673993,1.490095509
75231,2834025,290502,772,125218510.6,0.153633277,0.302859327,1.389920596
75232,4179,804,4,176362.87,0.1,0.49,2.018225
75233,1058,284,3,35658.71,0.12,0.41,1.4362
75234,680589,25399,84,8329255.69,0.118596491,0.380810811,1.707959524
75235,533755,145644,360,19735400.39,0.140895522,0.439096774,1.864692222
75236,328,154,1,6177.31,0.11,0.34,1.1517
75237,665252,38586,129,18974092.38,0.140434783,0.445254237,1.771557364
75238,34524,4003,23,1246371.9,0.135,0.308947368,1.355895652
75240,345971,135524,661,25816419,0.157335702,0.382075472,1.759694856
75241,441,215,2,8820,,0.415,1.08905
75243,530677,81429,118,12401047.26,0.1184,0.366857143,1.628245763
75244,291829,40673,47,9310312.12,0.142307692,0.430769231,1.920546809
75246,4003639,292137,569,87182308.06,0.177637131,0.401863118,1.989235149
75247,186583,61670,52,9309117.16,0.123181818,0.434893617,2.126894231
75248,23901,9444,49,1643359.3,0.126956522,0.321666667,1.330759184
75251,288609,80403,152,15937081.06,0.136470588,0.384892086,1.860997368
75252,23915,6421,25,2275293.82,0.100526316,0.338095238,1.420496
75253,441,78,1,17701.41,,0.33,0.9344
75254,155602,14021,41,4710212.91,0.158148148,0.358333333,1.62454878
75257,175,70,1,36294.82,,0.66,1.3405
75258,1721,676,1,93041.7,0.1,0.24,1.0737
75261,1125,121,1,44727.34,0.12,0.31,1.2857
75266,45,44,1,733.45,,0.36,1.5918
75275,191,107,1,4946.88,,0.2,0.7678
75284,289,172,2,17947.91,0.1,0.75,1.73995
75287,19209,5969,48,1217628.11,0.126,0.327142857,1.195729167
75320,1844,333,1,64798.72,0.11,0.69,1.0927
75372,38,27,1,3399.75,,0.41,1.7981
75390,858812,312316,1173,49097032.69,0.180941176,0.410448473,2.095370418
75401,341915,33878,78,10504342.82,0.094,0.349452055,1.297485897
75402,139517,23250,37,6157720.8,0.1056,0.318888889,1.288383784
75403,21015,8996,4,425246.41,0.09,0.395,1.581225
75407,1023,216,2,23574.23,,0.24,0.9202
75409,865,225,3,22036.39,,0.326666667,1.034766667
75414,43123,1285,2,880696.76,0.105,0.385,1.75515
75417,3505,476,1,81552.75,0.07,0.31,1.1635
75418,52308,5461,17,1557998.92,0.095833333,0.347333333,1.346252941
75426,37265,3112,5,1391703.79,0.096,0.338,1.4412
75428,6073,1447,8,201398.72,0.03,0.282857143,0.93435
75432,561,415,2,25714.3,0.05,0.37,1.10525
75440,9533,1036,6,210853.04,0.055,0.276,0.887383333
75442,6622,664,4,201915.35,0.093333333,0.305,1.043575
75449,538,255,1,20544.14,0.06,0.38,1.3569
75450,807,282,1,80821.14,0.15,0.34,1.3306
75454,5163,365,4,119604.05,,0.33,1.1263
75455,320390,23645,64,8590087.65,0.124166667,0.354727273,1.37341875
75457,8825,1191,10,343676.2,0.125,0.311111111,1.22288
75460,908958,98446,129,26924127.94,0.123861386,0.35872,1.504027907
75462,67236,6476,13,2825959.23,0.097777778,0.3275,1.350753846
75473,370,299,1,50843.84,0.14,0.36,1.4328
75474,11689,1470,5,261919.01,0.05,0.308,1.18666
75482,158735,23873,62,7249245.7,0.10027027,0.354615385,1.346224194
75491,1892,82,1,42419.13,0.13,0.43,2.186
75494,37953,10276,32,1764925.11,0.089230769,0.33862069,1.339
75495,26646,1745,10,604157.95,0.091428571,0.316,1.24657
75497,6136,1500,1,243291.25,0.14,0.46,2.3741
75501,139428,22620,67,5773062.38,0.103469388,0.32453125,1.274874627
75503,2043930,226339,288,53689716.43,0.13083004,0.363501805,1.471643056
75551,30072,6051,17,1079356.98,0.075833333,0.348333333,1.248788235
75559,3840,1077,1,176962.38,0.1,0.36,1.5813
75560,1453,824,1,108762.82,0.12,0.44,2.0563
75563,567,383,3,21843.1,0.035,0.325,1.087066667
75568,10557,799,2,179373.96,0.07,0.34,1.2517
75570,29757,3748,11,604955.59,0.071666667,0.308181818,0.943754545
75601,972239,150880,222,35498551.73,0.138272251,0.383827751,1.712995045
75602,3170,741,3,102152.75,0.055,0.37,1.299066667
75604,43709,10273,39,1624703.88,0.075172414,0.322647059,1.21075641
75605,671070,100567,183,22633323.5,0.118188406,0.364647059,1.464599454
75606,1644,691,4,112547.38,0.1925,0.475,1.62805
75608,1755,1135,2,102006.75,0.14,0.37,1.5331
75630,3676,78,1,51307.99,,0.38,1.9602
75633,19569,4737,19,779702.58,0.084615385,0.349444444,1.244810526
75638,7072,641,3,153463.2,0.06,0.256666667,1.032666667
75644,40794,5336,18,1154376.06,0.083333333,0.352222222,1.397516667
75645,3011,305,2,148810.05,0.24,0.43,2.15055
75647,18793,2743,13,522469.13,0.09,0.3,1.147515385
75650,3921,564,4,107917.48,0.05,0.29,1.04985
75652,291183,14076,24,6433895.27,0.090588235,0.385833333,1.472295833
75654,6977,2216,7,244408.21,0.062,0.324,0.982914286
75656,31,25,1,416.41,0,,0.7978
75657,5010,1807,2,193096.62,0.08,0.4,1.8481
75662,38516,7256,26,1219422.26,0.089473684,0.3072,1.112638462
75667,901,657,1,84140.45,0.09,0.45,2.0746
75668,86,43,2,2109.53,,0.52,1.2954
75670,212424,24248,71,6877130.52,0.104901961,0.387727273,1.472221127
75672,1197,822,2,77000.11,0.08,0.36,1.2281
75681,61,31,2,454.57,0,,1.0068
75683,18354,1327,2,733085.07,0.065,0.38,1.56635
75684,3491,779,3,99009.55,0.1,0.256666667,0.972033333
75686,40124,3794,13,1087049.45,0.105,0.336923077,1.449961538
75691,998,142,1,24707.95,,0.3,1.1169
75692,6973,610,3,186009.77,0.1,0.426666667,1.9193
75693,178,84,1,2778.02,,0.25,0.9487
75701,2940810,462483,677,119297972,0.134561404,0.38334375,1.644158789
75702,979853,89699,131,30073158.42,0.142568807,0.360406504,1.400362595
75703,272961,54432,110,12422989.91,0.090140845,0.320416667,1.201412727
75704,2011,223,1,114312.77,0.08,0.43,2.2937
75706,7380,908,3,295157.96,0.115,0.505,1.783133333
75707,4508353,15354,7,7350027.39,0.092857143,0.383333333,1.562328571
75708,91170,36084,70,3822157.28,0.159423077,0.400645161,1.635071429
75709,3627,520,2,120028.85,0.095,0.35,1.13125
75750,56,25,1,3714.07,,0.6,7.1559
75751,469022,51127,88,11267206.26,0.120704225,0.332195122,1.388646591
75752,3402,611,4,84913.73,0.13,0.3275,1.425925
75755,2959,431,3,165932.07,0.11,0.37,1.683433333
75757,22449,2253,6,684213.42,0.0575,0.3475,1.136033333
75758,13817,3339,9,383159.56,0.071428571,0.327777778,1.198288889
75760,128,97,1,6660.1,,0.38,1.763
75762,17436,4180,11,474933.45,0.092,0.289,1.110772727
75763,102,49,1,1253,,0.29,0.9198
75765,3359,1179,4,48515.75,0.105,0.2225,0.87845
75766,71240,16378,52,3222441.52,0.087631579,0.346222222,1.349275
75771,29813,6022,17,712887.03,0.064615385,0.277142857,1.041876471
75773,28346,3354,14,510232.35,0.081818182,0.298461538,1.089042857
75778,1544,538,1,63905.31,0.05,0.57,2.5457
75783,40653,3926,11,1045736.61,0.101,0.308181818,1.123890909
75785,4220,977,14,164271.48,0.015,0.336666667,1.2928
75789,11406,1222,1,597011.06,0.06,0.56,2.4814
75790,358,166,1,4912.06,,0.23,0.8699
75791,12193,2557,12,469852.79,0.08,0.306666667,1.006483333
75792,196,33,1,7617.96,,0.33,1.2428
75801,494534,43772,99,13860530.67,0.099315068,0.346923077,1.297582828
75803,2390,243,1,73182.76,0.07,0.29,0.9108
75831,5069,82,1,54637.63,,0.49,2.4216
75833,2596,77,1,55491.72,0.19,0.44,1.7065
75835,29994,3910,18,1297026.72,0.111818182,0.373125,1.541877778
75838,20777,635,2,254656.38,0.115,0.405,2.16955
75839,12515,794,3,254974.27,0.055,0.243333333,1.013066667
75840,39476,1963,11,1271424.5,0.085,0.359,1.287727273
75844,1002,53,1,30558.04,,0.32,1.7825
75845,7548,508,3,166183.73,0.07,0.405,1.215133333
75846,8739,172,2,137636.12,0.13,0.44,1.7262
75855,3997,181,1,80369.22,0.07,0.22,0.8954
75860,7907,665,4,213941.72,0.126666667,0.3175,1.155475
75862,1305,375,3,92677.72,0.09,0.43,1.362066667
75901,186704,12585,21,4608267.02,0.098571429,0.341,1.48827619
75904,973535,114121,197,32469746.06,0.136058824,0.401755319,1.648860914
75929,1589,292,1,35108.44,0.08,0.38,1.423
75931,326,26,1,12003.15,,0.46,2.9298
75935,48185,5002,16,1358247.75,0.091,0.345333333,1.3237875
75939,5688,322,1,92963.52,0.11,0.43,1.4075
75941,5403,487,2,189901.73,0.1,0.46,1.46745
75944,229,140,1,2605.84,,0.28,0.7445
75946,361,14,1,7227.61,,,2.6415
75948,6778,1950,8,331623.99,0.123333333,0.4125,1.6659875
75949,13320,1261,3,379331.22,0.15,0.383333333,1.9372
75951,104649,10958,44,2917369.69,0.0853125,0.386153846,1.452506818
75956,1213,533,4,34972.53,0.09,0.325,1.368825
75961,224460,26426,71,8142379.19,0.132653061,0.3875,1.549825352
75962,1777,88,1,71556.65,,0.53,2.4033
75964,3263,407,2,70836.63,0.1,0.3,0.9047
75965,287639,48099,103,15554743.51,0.101875,0.33556701,1.367271845
75966,5982,658,4,76200.81,0.05,0.49,1.577525
75968,4050,510,1,107691.45,0.08,0.33,1.2668
75969,2367,227,2,41954.07,,0.11,1.5214
75972,29074,2541,6,805346.63,0.118333333,0.406666667,1.656483333
75975,3881,413,3,106385.16,0.05,0.376666667,1.663366667
75979,28346,3735,11,879674.74,0.08,0.441,1.723890909
76001,5655,1453,9,314728.98,0.1275,0.377777778,1.137111111
76002,1106,273,4,50697.31,0.045,0.445,1.461125
76006,811471,16058,66,1850224.97,0.150384615,0.402380952,1.952601515
76008,14369,3593,15,540104.42,0.09375,0.355,1.13286
76009,6559,598,4,97245.75,0.035,0.316666667,1.02115
76010,42355,6228,27,1956088.32,0.090909091,0.4288,1.595718519
76011,43934,9283,32,2571244.02,0.084705882,0.363333333,1.506996875
76012,769782,82859,201,33447642.58,0.167777778,0.36372973,1.668677612
76013,79489,8141,43,2018640.56,0.096296296,0.401923077,1.535372093
76014,471972,36918,114,16234762.92,0.125945946,0.385247525,1.471455263
76015,291075,46407,136,15014952.32,0.115473684,0.377479675,1.522895588
76016,35334,3898,23,1125529.19,0.111666667,0.382105263,1.589965217
76017,200318,18921,68,7312101.96,0.212826087,0.319636364,1.207644118
76018,34218,5698,32,1758788.23,0.106428571,0.46,1.693875
76020,47382,8571,39,1693316.91,0.1025,0.340294118,1.341623077
76021,378720,28410,107,12344554.74,0.1025,0.335934066,1.310109346
76022,526801,49371,155,18611211.35,0.18008,0.355069444,1.638403226
76023,2557,408,4,96049.41,,0.296666667,1.177725
76026,1338,338,1,60840.37,0.09,0.32,1.2753
76028,199890,39074,114,10061941.98,0.109726027,0.383786408,1.595188596
76031,5755,1699,7,1199625.44,0.09,0.29,1.286528571
76033,172415,23802,84,6129563.99,0.124833333,0.338701299,1.339141667
76034,388072,12913,55,3282791.93,0.112941176,0.310909091,1.135430909
76036,42324,3523,20,692098.83,0.076,0.366,1.35737
76039,290332,4499,12,738105.75,0.0975,0.405,1.27835
76040,3020147,51650,65,14745664.62,0.128148148,0.4335,1.976738462
76042,749,102,1,29181.27,0.11,0.17,0.7878
76043,37681,6022,19,1355965.02,0.0975,0.311176471,1.240026316
76048,314131,33293,68,8456145.03,0.116923077,0.312769231,1.281491176
76049,50331,5545,20,1418853.79,0.101333333,0.275789474,1.101545
76050,24238,605,2,190090.98,0.075,0.39,1.6609
76051,436424,54609,205,17353563.66,0.143700787,0.342392638,1.31858439
76052,116,113,1,10262.79,0.16,0.35,1.2942
76053,23834,3469,27,680870.19,0.101818182,0.361904762,1.264888889
76054,146098,28233,61,7863594.1,0.109459459,0.333703704,1.359319672
76058,25447,3330,11,654652.8,0.06,0.33875,1.205072727
76059,8277,1066,4,270459.98,0.09,0.29,1.318175
76060,2099,346,3,103382.14,0.16,0.546666667,2.020233333
76063,187346,37613,107,9340577.64,0.106944444,0.372988506,1.494515888
76065,43907,6897,31,1670860.36,0.100526316,0.341034483,1.245319355
76066,2271,235,1,39519.17,0.06,0.3,1.1204
76067,83797,14220,38,3475404.78,0.094137931,0.350857143,1.361815789
76071,162,79,1,11993.8,,0.48,2.3809
76078,1495,351,3,53459.88,0.08,0.34,0.933066667
76082,7400,842,7,222211.07,0.06,0.274285714,1.287971429
76085,137,62,1,3751.94,0.19,0.27,0.9915
76086,535150,44137,105,16487857.72,0.134117647,0.344059406,1.367258095
76087,27019,5586,16,1174507.13,0.084166667,0.38,1.5437875
76088,530,144,1,26382.14,,0.26,1.3365
76092,277357,39216,125,11068851.5,0.118915663,0.289134615,1.1577864
76102,96875,20941,50,10275828.01,0.093888889,0.406086957,1.636724
76103,23648,3698,16,983561.44,0.081428571,0.482,1.95225
76104,4183302,609828,1104,147593118.2,0.150492554,0.418344965,2.010133424
76105,3054,538,3,163894.27,0.085,0.413333333,1.609866667
76106,3814,427,5,144539.34,,0.41,1.11534
76107,250683,58941,321,14166773.24,0.099440559,0.395074074,1.549671028
76108,11828,2049,10,479648.02,0.098,0.3375,1.27728
76109,175641,39272,170,10381879.43,0.14203252,0.356645161,1.644875882
76110,210263,17096,24,8788973.88,0.176,0.433,1.9815625
76111,61719,3619,15,1024558.01,0.073,0.455833333,1.58158
76112,24062,10844,33,1514925.07,0.098695652,0.391785714,1.768684848
76114,5253,988,11,214071.9,0.09,0.386,1.416154545
76115,246887,7862,24,2563808.17,0.08875,0.450416667,1.6082
76116,97935,15129,72,4545692.78,0.112173913,0.353770492,1.573158333
76117,4788,1206,10,161790.64,0.093333333,0.309,1.24881
76118,1945,255,3,91933.71,0.1,0.39,1.811266667
76119,4770,1563,10,178827.39,0.075,0.422,1.58949
76120,7131,1927,10,365319.82,0.115,0.45875,1.77446
76123,3914,1502,7,232784.39,0.1225,0.296666667,1.128585714
76126,17485,3520,17,658910.59,0.091818182,0.321333333,1.077305882
76127,135,41,1,7443.02,,0.29,0.8619
76131,101,14,1,2414.37,,,0.7936
76132,622518,70592,239,24812730.56,0.129,0.336047619,1.39461046
76133,26394,5860,40,1112019.69,0.1025,0.340277778,1.25968
76134,15980,4983,9,1098490.6,0.097142857,0.4725,2.193322222
76135,52001,10683,47,2158622.18,0.081111111,0.338571429,1.250710638
76137,35975,5593,37,963385.49,0.083684211,0.341875,1.129081081
76140,188829,3030,9,540175.65,0.073333333,0.428571429,1.660444444
76148,7670,972,8,300198.54,0.0675,0.361666667,1.27815
76164,1686,210,3,50283.92,0,0.44,1.110366667
76177,606,212,3,20251.66,0.11,0.406666667,1.909366667
76179,19801,3206,19,707630.1,0.11,0.317058824,1.1772
76180,250753,32678,109,8813516.51,0.113797468,0.386989247,1.581584404
76182,8017,1677,15,475681.07,0.102,0.393636364,1.3456
76199,602,148,1,23403.21,,0.4,1.3776
76201,482377,53800,155,16598676.27,0.132568807,0.318914729,1.325567097
76202,554,106,1,23977.86,,0.51,2.4557
76203,38,21,1,2054.08,,,1.2732
76205,179615,18824,42,5514795.41,0.108,0.323333333,1.157085714
76207,79940,3961,16,2392848.17,0.108571429,0.346666667,1.33710625
76208,49665,10625,30,3964613.03,0.156666667,0.342222222,1.50477
76209,4891,302,6,156660.32,,0.438,1.427833333
76210,467280,39111,115,17632460.71,0.152125,0.363207547,1.518763478
76226,16517,1884,10,593587.6,0.13,0.353333333,1.58578
76227,9984,1436,14,287570.94,0.096,0.326666667,1.054985714
76229,368,86,1,30394.49,,0.26,1.3026
76230,24957,3223,13,605389.97,0.104444444,0.285,1.213684615
76234,177044,25127,80,8382217.98,0.133333333,0.361408451,1.43545375
76236,24,24,1,6301.45,,,1.363
76240,79691,14492,49,3224695.81,0.098928571,0.304,1.200142857
76244,71316,5521,39,1564797.07,0.104,0.331111111,1.281130769
76247,3656,903,5,146222.71,0.11,0.333333333,1.33168
76248,52996,10156,66,2550168.04,0.113823529,0.261372549,1.005459091
76249,5224,638,6,141256.25,0.125,0.348,1.718966667
76252,2966,793,6,109703.66,0.18,0.303333333,1.194533333
76255,12664,1737,5,277167.18,0.056666667,0.3,1.11124
76258,15055,1735,8,411812.22,0.085714286,0.335714286,1.46515
76262,14126,4726,23,1204923.09,0.098333333,0.341,1.3674
76264,383,57,1,16875.83,,0.19,1.4838
76266,9100,1789,7,261129.07,0.096666667,0.34,1.3037
76272,1005,165,1,29211.24,0.08,0.29,1.0499
76273,13024,949,7,340789.22,0.055,0.33,1.080257143
76301,610085,135933,176,30368052.03,0.1104,0.417784431,1.650974432
76302,114536,16641,38,4677889.22,0.096666667,0.341714286,1.344584211
76306,1073,416,2,43076.3,0.055,0.285,1.0558
76308,189202,29426,66,6664982.59,0.096444444,0.3445,1.265187879
76309,103692,12029,21,4805251.57,0.074166667,0.351666667,1.29317619
76310,1233749,25542,50,15956346.66,0.144358974,0.333265306,1.270358
76311,742,578,3,49331.84,0.09,0.275,1.2901
76351,3766,78,1,67147.79,,0.46,1.8421
76354,8451,1758,8,307787.09,0.0675,0.4325,1.1279875
76360,4611,876,5,208313.29,0.076666667,0.4175,1.40372
76365,13706,1892,7,467053.48,0.085,0.351428571,1.281571429
76366,1643,891,1,110683.28,0.1,0.49,2.0234
76367,13994,1605,4,393771.16,0.09,0.36,1.323325
76371,535,203,1,27450.6,0.1,0.36,1.3541
76374,12749,951,5,406454.84,0.0775,0.416,1.68074
76380,4491,1376,7,299801.3,0.096666667,0.394285714,1.660514286
76384,35486,5233,21,1187643.24,0.090714286,0.3345,1.27857619
76401,129670,23458,58,4992067.16,0.10902439,0.294285714,1.176148276
76424,12667,1848,9,420134.49,0.086,0.304285714,1.0567
76426,37931,3095,17,947356.93,0.0975,0.315714286,1.086188235
76430,13473,956,5,157813.72,0.0975,0.3075,1.13198
76431,252,65,1,5143.13,,0.26,0.9775
76433,829,483,1,69431.96,0.11,0.36,1.431
76437,1828,406,3,53610.86,0.08,0.253333333,1.081633333
76442,30373,3230,14,856556.7,0.104166667,0.336153846,1.291671429
76443,4632,429,2,53681.48,0.09,0.345,1.1191
76444,25435,4699,3,1211392.29,0.095,0.503333333,1.772766667
76446,3363,312,2,81384.73,0.05,0.345,1.3919
76448,42261,4762,18,1311255.48,0.09,0.317777778,1.347216667
76450,99871,7208,25,2537731.96,0.094210526,0.33,1.297384
76454,7928,482,1,123359.74,0.07,0.25,0.9703
76455,414,13,1,23075.58,,,0.9673
76458,14625,996,5,553202.6,0.11,0.362,1.89864
76470,4918,356,2,139557.6,0.11,0.295,1.30445
76471,159,41,1,3393.06,,,0.7328
76472,814,31,1,15915.07,,0.45,2.0328
76483,313,120,1,17864.54,,0.41,1.4265
76487,602,490,1,51369.62,0.1,0.38,1.7553
76501,34655,7895,21,1499750.13,0.092307692,0.309444444,1.182252381
76502,110144,30195,74,4069044.89,0.10787234,0.37884058,1.408947297
76503,686,341,1,23540.8,0.11,0.35,1.3045
76504,91055,17223,65,2335745.62,0.105294118,0.437272727,1.688338462
76508,728380,279761,679,34227107.79,0.149633911,0.417381703,1.821785272
76513,41695,8339,37,1501181.44,0.0825,0.3484375,1.382181081
76520,13273,3887,15,558093.69,0.086666667,0.372,1.41396
76522,23977,4064,22,778382.49,0.067272727,0.371666667,1.145763636
76528,37692,5285,23,1323768.01,0.087333333,0.325,1.499330435
76531,25726,2889,13,754764.43,0.132,0.308333333,1.250584615
76540,15378,1199,1,615952.27,0.1,0.52,2.209
76541,7375,2013,11,351415.24,0.05,0.407142857,1.335590909
76542,29633,3717,28,1794445.53,0.047,0.38125,1.121010714
76543,19357,8013,27,815325.14,0.072631579,0.368333333,1.098911111
76544,16349,9975,52,1323783.96,0.116206897,0.434888889,1.824901923
76548,54101,11758,44,2468243.36,0.068846154,0.418333333,1.352115909
76549,283547,44510,119,9335015.12,0.099589041,0.464642857,1.528138655
76550,163466,6745,16,3421474.54,0.111,0.38875,1.45198125
76557,205,128,2,8602.16,,0.325,1.1698
76567,6463,2563,13,340262.28,0.078571429,0.376923077,1.504184615
76570,405,218,1,30831.05,0.06,0.43,1.7234
76571,4028,1075,7,166229.88,0.075,0.252,0.967514286
76574,29924,11580,37,1923639.76,0.087307692,0.336,1.143151351
76632,450,349,1,32387.45,0.09,0.36,1.5816
76633,4427,450,3,103126.65,0.08,0.38,1.421333333
76634,4248,1899,13,226155.57,0.125555556,0.3,1.313030769
76638,439,18,1,8009.11,,,1.6341
76642,21494,1790,11,652953.13,0.08,0.3875,1.2797
76643,329633,10208,10,2510913.13,0.095555556,0.33,1.58026
76645,33411,6151,28,1553190.95,0.109047619,0.359166667,1.327939286
76648,1581,582,3,47563.16,0.07,0.306666667,1.0474
76655,2814,1797,3,202137.57,0.115,0.43,2.015233333
76657,8214,1346,6,338921.24,0.093333333,0.388333333,1.487283333
76661,6433,1261,8,297707.09,0.076666667,0.411666667,1.3519875
76665,15041,634,2,383866.81,0.13,0.405,2.1753
76667,18778,5379,19,819563.56,0.087272727,0.328235294,1.416542105
76691,9059,1019,7,203982.06,0.1,0.274285714,1.047428571
76692,20526,3171,10,635494.55,0.087142857,0.25125,0.97474
76693,2421,167,1,78546.04,0.08,0.41,1.4043
76701,31791,1574,13,392616.25,0.023333333,0.328181818,1.155215385
76704,1013,240,2,14271.13,,0.405,1.3023
76705,18400,4303,20,491791.13,0.078333333,0.309444444,1.037445
76706,9681,1621,10,240590.79,0.075,0.399,1.1744
76707,20795,5766,29,857475.33,0.101176471,0.413333333,1.351706897
76708,242275,44884,64,6602806.74,0.116909091,0.388196721,1.8695625
76710,196090,38952,101,9714909.88,0.107424242,0.30625,1.198289109
76711,1541,645,4,28126.23,0.09,0.2475,0.95885
76712,1023385,148087,276,34160841.24,0.123364055,0.346640316,1.403464493
76801,309591,46377,99,10993075.51,0.09987013,0.328777778,1.27910101
76802,67401,2004,11,731771.92,0.078,0.256363636,1.019618182
76821,9149,1281,7,322339.38,0.085,0.33,1.489771429
76823,11087,305,2,163502.66,,0.365,1.0755
76825,16780,1731,8,462341.25,0.0675,0.355714286,1.2935
76834,7681,876,8,280326.42,0.0575,0.368571429,1.4072125
76837,8804,820,6,200843.54,0.0725,0.388333333,1.37305
76844,10139,483,5,171646.21,0.095,0.3425,0.9309
76849,4878,571,5,123435.93,0.13,0.382,1.54322
76856,3663,103,2,64128.82,,0.27,1.46195
76859,310,268,1,23538.04,0.09,0.44,1.7327
76877,7885,374,3,132873.11,0.13,0.28,1.0562
76878,1820,236,2,32255.31,0.07,0.29,0.9971
76901,59888,10306,37,1963103.91,0.076666667,0.324117647,1.145975676
76902,1370,376,2,115554.29,0.11,0.34,1.17025
76903,603291,117409,203,22583967.62,0.113588235,0.394793814,1.497389163
76904,465209,59845,139,15569144.81,0.095148515,0.361846154,1.434005036
76905,2823,313,3,128352.98,,0.463333333,2.005233333
76908,1633,206,1,27244.83,,0.3,1.0816
76932,3993,513,3,100184.35,0.08,0.296666667,1.425466667
76934,62,54,1,191.75,,0.59,1.0625
76936,1922,120,2,34618.27,,0.305,1.8804
76941,1097,791,1,104757.18,0.09,0.44,2.0228
76943,13257,828,4,148623.14,0.095,0.37,1.3393
76945,1521,34,1,20112.96,,0.35,1.6437
76950,14595,883,6,321606.57,0.08,0.42,1.508466667
76951,2634,36,1,36139.47,,0.42,1.7701
77002,446603,62247,171,20887572.88,0.115982143,0.464081633,1.870237427
77003,21087,3204,20,889928.39,0.073,0.545,1.854765
77004,446920,47651,194,20603176.89,0.120406504,0.461208791,2.027660309
77005,473588,51060,103,11586037.18,0.133333333,0.284827586,1.361221359
77006,168626,26347,91,6375723.97,0.080869565,0.512837838,2.183531868
77007,81658,16600,45,3509791.33,0.123157895,0.4515625,1.673811111
77008,492750,94575,181,20334355.92,0.123358209,0.451488095,1.949372376
77009,7612,1959,22,324770.29,0.1275,0.435789474,1.753559091
77010,246,109,3,11301.55,0,0.3,1.442966667
77011,16188,3469,13,1028075.9,0.0475,0.484166667,1.554361538
77012,3625,837,9,134734.59,0.07,0.46625,1.254477778
77013,1544,332,6,54780.74,0,0.466666667,1.548933333
77014,29931,4176,32,1236507.99,0.093846154,0.4165,1.59360625
77015,137391,15841,81,6096720.73,0.10825,0.456486486,2.002288889
77016,2565,344,4,107559.96,0.08,0.41,1.19685
77017,90133,10891,22,5395071.12,0.083333333,0.611363636,4.571372727
77018,43580,11284,46,1549637.33,0.077894737,0.421052632,1.524752174
77019,16698,5705,24,1022191.99,0.09,0.365,1.504804167
77020,2865,892,10,129095.94,0.195,0.41875,1.75301
77021,23649,6014,28,1110347.96,0.086875,0.396521739,1.89415
77022,105070,3871,10,2410168.67,0.085,0.541111111,2.20097
77023,10591,1693,19,398191.83,0.153333333,0.450666667,1.206205263
77024,1578610,241351,397,49632036.69,0.139417808,0.364815864,1.547057431
77025,366292,64437,178,28862989.28,0.119677419,0.408467742,1.789566292
77026,9516,2445,30,465399.39,0.12875,0.497727273,1.8878
77027,331216,67126,210,25361180.97,0.132345679,0.423715847,1.872992857
77028,2597,1165,7,144526.72,0.05,0.48,1.328028571
77029,15274,880,12,351100.41,,0.511111111,2.169041667
77030,4785131,1066458,3757,258566464.4,0.27465505,0.394611011,2.130726963
77031,5513,557,3,147294.25,0.015,0.4,1.213766667
77032,162006,8726,6,3785907.01,0.15,0.49,2.09695
77033,6838,15,1,149088.28,,0.75,9.5514
77034,225934,17336,46,9366708.65,0.163823529,0.421627907,1.924823913
77035,6953,2007,14,302828.06,0.095714286,0.390909091,1.372478571
77036,256004,22646,87,9656251.03,0.069387755,0.438481013,1.949889655
77037,3408,1005,7,117908.62,0.1,0.426,1.269457143
77038,56005,46115,3,8321015,0.055,0.35,1.1719
77039,3356,908,11,115068.06,0,0.461,1.332936364
77040,2718106,302423,40,34753815.37,0.116190476,0.365,1.58341
77041,229551,1453,10,3174307.35,0.076,0.338571429,1.43116
77042,127465,11064,39,4525630.03,0.16173913,0.41030303,1.771348718
77043,160882,21984,44,8276694.66,0.126857143,0.387380952,1.804736364
77044,12855,1946,13,378589.55,0.082,0.35,1.126561538
77045,12572,763,7,358250.22,0.18,0.468571429,1.569757143
77046,3604,1009,12,137970.99,0.09,0.35625,1.105258333
77047,322743,170870,96,8343533.51,0.127058824,0.433294118,2.434986458
77049,6617,495,8,165867.36,0.08,0.395,1.304475
77051,9630,678,4,341773.01,0.066666667,0.4725,1.674
77053,142,58,1,3323.32,,0.52,1.1183
77054,4908648,148982,289,50931469.67,0.130697674,0.410484581,1.842090657
77055,182022,20525,85,6878203.91,0.132592593,0.390136986,1.449112941
77056,20706,4915,32,1014489.92,0.102222222,0.3184,1.364290625
77057,227140,108287,712,20409968.18,0.158582231,0.405334347,1.898593258
77058,198528,28251,127,8627733.98,0.136774194,0.355514019,1.518147244
77059,11212,4158,12,322898.3,0.095714286,0.330833333,1.247875
77060,126744,7751,18,3049288.25,0.12,0.442666667,2.111444444
77061,10009,1305,7,298710.05,0.085,0.375,1.195042857
77062,23769,5519,32,1069142.55,0.1245,0.267407407,1.07409375
77063,183892,21236,78,5897773.37,0.111764706,0.304647887,1.235175641
77064,14977,1899,13,532789.87,0.102,0.350909091,1.258623077
77065,240942,28684,128,11174897.69,0.133246753,0.420648148,1.641760156
77066,9524,683,5,516199.86,0.04,0.445,2.53334
77067,4456,715,7,193934.59,0.04,0.386,1.231757143
77068,13286,3707,14,835563.44,0.071428571,0.404545455,1.357664286
77069,6953,3148,23,299229.91,0.075,0.330625,1.118026087
77070,1758337,55732,181,26289366.07,0.130082645,0.411118421,1.607616575
77071,24199,1339,10,763275.74,0.1,0.393333333,1.48695
77072,2379075,234072,24,32334943.55,0.059230769,0.404347826,1.2665625
77073,19070,9903,34,1407696.98,0.111363636,0.429354839,2.163423529
77074,805482,105310,341,42707480.94,0.112240664,0.439506579,1.899677126
77075,110548,13048,46,4956598.08,0.085,0.450952381,2.083219565
77076,55347,10264,44,3809452.68,0.076296296,0.526410256,2.060322727
77077,90331,9692,52,2458420.16,0.094516129,0.365952381,1.395763462
77079,85165,16393,72,3889862.37,0.118409091,0.365789474,1.451595833
77080,8370,2547,14,568313.92,0.12375,0.2925,1.310042857
77081,732242,18377,55,5402837.52,0.067857143,0.403404255,1.658703636
77082,216399,34542,110,10901695.63,0.119873418,0.4315,1.853855455
77083,40686,4431,22,900040.1,0.052857143,0.404,1.424159091
77084,60805,6578,31,3183413.44,0.1,0.368571429,1.400009677
77085,477,215,3,16662.3,,0.46,1.398133333
77086,1148,376,5,45880,0.06,0.412,1.013
77087,7380,1165,16,248074.92,0.02,0.397857143,1.21851875
77088,9340,2169,15,245462.86,0.062,0.491428571,1.43812
77089,440972,47571,117,18459228.04,0.124787234,0.449553571,1.901886325
77090,1312367,181701,335,43599303.5,0.136327273,0.400443038,1.723613731
77091,59803,4600,18,2122200.15,0.115,0.512352941,2.14515
77092,59204,4036,21,1565234.42,0.205714286,0.392222222,1.623304762
77093,9918,1028,11,344344.28,0.05,0.561,1.897136364
77094,392892,14474,46,8881720.13,0.187777778,0.37952381,1.615447826
77095,47774,10760,41,1928073.86,0.085882353,0.380571429,1.328221951
77096,162144,9605,49,3418166.02,0.13137931,0.40475,1.848910204
77098,151576,34988,101,6622777.67,0.1162,0.387619048,1.473732673
77099,12582,2067,18,447674.97,0.092,0.426470588,1.255744444
77204,8477,3520,42,904483.58,0.061666667,0.3692,1.409969048
77210,4589,2071,5,190981.41,0.385,0.3075,2.02216
77230,260,88,1,63693.92,0.34,0.45,2.5834
77257,5637,3931,1,114082.93,0.13,0.37,1.6723
77292,138,47,1,21580.17,,0.32,1.0795
77301,23654,3065,24,632085.6,0.095,0.308947368,1.2608875
77303,104,87,1,8297.62,0.14,0.25,0.9699
77304,747817,94712,210,28531862.83,0.123846154,0.370891089,1.637911429
77305,120,78,2,5733.31,0,0.24,1.58
77316,13278,2343,7,415008.8,0.136666667,0.361428571,1.5599
77318,7052,979,3,194690.59,0.14,0.323333333,1.7397
77320,32796,1365,5,772191.73,0.145,0.35,2.0022
77327,107543,10433,38,4293018.44,0.088636364,0.436764706,1.665728947
77331,4771,544,2,165067.54,0.1,0.475,1.8871
77336,212,71,1,8126.69,,0.38,1.0696
77338,363511,45943,132,21137871.21,0.121264368,0.43612069,1.908981818
77339,1112734,54734,202,29856251.56,0.137761194,0.380113636,1.538892079
77340,185063,25934,82,6499690.6,0.114482759,0.333098592,1.427580488
77345,20437,4885,13,1167630.52,0.11,0.390909091,1.782023077
77346,25118,5739,39,1287126.44,0.092307692,0.362413793,1.240607692
77351,254908,21551,45,6498499.96,0.100625,0.38,1.390475556
77354,26097,4588,26,917979.86,0.095625,0.338571429,1.145580769
77355,5182,550,3,131321.19,0.04,0.39,0.947066667
77356,57476,5925,22,1414729.84,0.087058824,0.267777778,1.126109091
77357,9906,449,1,428451.34,0.06,0.33,1.2824
77358,260,33,1,6988.93,,,0.922
77360,62,55,1,3236.19,,0.24,1.0978
77362,787,333,2,27335.61,0.09,0.34,1.3356
77365,23281,1328,7,550442.82,0.156,0.364285714,1.536628571
77371,2794,345,4,64213.46,0.07,0.49,1.151775
77372,2194,305,1,42425.3,0.06,0.39,1.0241
77373,6955,1431,16,326573.72,0.058571429,0.364545455,1.39095
77375,412427,60034,160,21919188.13,0.135081967,0.384527027,1.603505625
77377,6594,1707,10,492660.52,0.1,0.351111111,1.44961
77378,1413,592,2,32485.33,0.06,0.185,0.88185
77379,117159,37241,167,6265000.73,0.131272727,0.366066667,1.494976647
77380,1689850,84481,275,46232681.6,0.153177083,0.344025424,1.465963636
77381,64070,12621,54,3814372.92,0.128611111,0.355217391,1.547024074
77382,68684,10008,45,3230243.77,0.105,0.264146341,1.068266667
77384,503834,35493,100,13449548.09,0.155384615,0.354222222,1.586505
77385,8726,1788,8,407391.71,0.096666667,0.411666667,1.627375
77386,25880,4667,25,1646999.99,0.094615385,0.345,1.243784
77387,10607,4533,1,212653.22,0.13,0.36,1.6196
77388,12526,2268,19,465771.11,0.112222222,0.377692308,1.508968421
77389,5898,2929,8,413406.11,0.155714286,0.431428571,1.9062
77396,7790,2129,15,305327.32,0.143333333,0.346153846,1.419946667
77399,435,421,2,40334.39,0.12,0.465,2.0378
77401,303860,47261,153,16480242.34,0.113391304,0.372651515,1.556381046
77406,6358,1297,12,340951.89,0.125714286,0.404,1.558283333
77407,20297,1185,10,486576.31,0.04,0.36,2.18428
77414,133926,18420,56,5083786.82,0.093055556,0.4158,1.573669643
77418,35148,3910,11,1073936.48,0.091428571,0.315555556,1.194418182
77422,1601,396,2,52073.33,0.05,0.375,1.3945
77429,311062,85584,152,15049208.95,0.139482759,0.413208955,1.649321711
77433,27526,4761,30,1445987.48,0.092857143,0.3868,1.436856667
77434,1811,610,5,90236.97,0.14,0.3475,1.46558
77435,3823,484,5,203146.31,0.08,0.395,1.56836
77437,58810,6844,21,1381969.13,0.086666667,0.370526316,1.43377619
77441,2506,743,2,110952.64,0.085,0.415,1.65785
77445,25675,1423,10,657662.18,0.056,0.475555556,1.76946
77446,21,12,1,737.32,,,0.6558
77449,21042,2337,19,587842.24,0.095,0.391875,1.2778
77450,228448,41073,165,13127822.71,0.110666667,0.385810811,1.412894545
77459,34887,11697,54,1359967.38,0.105555556,0.390909091,1.392085185
77461,11003,930,3,235429.03,0.066666667,0.333333333,1.091966667
77462,50804,285,1,635259.04,0.45,0.37,2.1097
77465,1643,405,2,57319.94,0.09,0.28,1.04035
77469,293090,20579,77,8323226.57,0.105,0.421060606,1.624807792
77471,72437,8632,33,2365348.71,0.064,0.368333333,1.229342424
77474,16729,2881,13,531226.93,0.085714286,0.330833333,0.899292308
77477,62894,3012,18,1571976.57,0.12125,0.439375,1.880766667
77478,526487,61983,237,20502411.52,0.102836879,0.398955224,1.467411392
77479,768028,77369,260,31003660,0.144699454,0.422327586,1.698099615
77480,9816,868,4,287576.9,0.08,0.4075,1.505625
77484,11650,1182,6,636995.38,0.07,0.316666667,1.075066667
77486,12456,2326,8,441380.33,0.094285714,0.39625,1.439675
77488,132295,13148,36,3612561.63,0.108928571,0.383888889,1.445902778
77489,1307,670,5,71518.12,0.123333333,0.502,2.07028
77493,73069,12801,34,3781544.83,0.129642857,0.39625,1.605897059
77494,86693,16395,96,4395568.86,0.123333333,0.354935065,1.427336458
77498,27129,431,6,667987.5,0,0.5225,2.18645
77502,15654,2205,12,652875.12,0.07,0.404545455,1.477425
77503,13500,285,2,619706.92,0.1,0.48,1.18505
77504,379735,63234,172,17671977.28,0.112538462,0.402592593,1.653621512
77505,157138,33298,91,8441049.56,0.102741935,0.389638554,1.536234066
77506,11732,1302,12,621597.01,0.035,0.425,1.445425
77510,7008,985,7,267879.03,0.1025,0.346,1.2684
77511,55561,8417,36,2163597.05,0.0825,0.375555556,1.322694444
77514,2239,527,4,153908.47,0.07,0.386666667,1.49805
77515,82824,14615,39,4466846.41,0.0956,0.360571429,1.242861538
77517,636,293,1,11260.88,0.09,0.26,0.9049
77518,388,200,2,9889.12,0.09,0.37,1.29025
77519,986,136,1,28584.18,0.09,0.4,1.0575
77520,118492,14242,42,3994231.51,0.107826087,0.383589744,1.436464286
77521,500640,57606,163,19839156.8,0.129401709,0.425866667,1.779759509
77522,218,77,1,36108.16,0.19,0.42,1.4477
77523,1528,432,3,22958.96,0.07,0.326666667,0.971
77530,22490,3400,13,1097263.74,0.082222222,0.462727273,1.792053846
77531,14247,1189,4,310091.73,0.113333333,0.3125,1.264575
77532,21789,2799,17,837408.44,0.095,0.358666667,1.496141176
77533,30936,702,1,564027.28,0.12,0.47,2.2251
77534,1053,66,1,35330.17,,0.35,1.8921
77535,7184,1517,10,205991.07,0.06,0.32625,1.04804
77536,13038,2631,19,508622.98,0.0775,0.306923077,1.177921053
77539,75293,13472,43,3604557.51,0.099655172,0.333513514,1.404825581
77541,7937,526,6,219237.81,0.105,0.464,2.043866667
77545,9454,627,5,332688.33,0.04,0.498,1.848
77546,57472,10473,64,2351427.76,0.09137931,0.340188679,1.276904688
77547,482,51,1,22268.08,,0.57,3.0698
77550,90762,14202,27,2834989.74,0.096875,0.348181818,1.494181481
77551,31953,5059,26,1298477.5,0.120833333,0.304736842,1.209553846
77554,1243,331,4,84213.62,0.393333333,0.463333333,2.193025
77555,297938,121496,393,16751681.69,0.139244604,0.404447514,1.968326972
77561,562,190,1,28178.6,0.08,0.31,0.7807
77562,7503,710,5,300703.19,0.095,0.3275,1.2501
77563,868,241,1,39182.75,0.09,0.27,1.0796
77565,950,397,4,33977.08,0.16,0.325,0.921975
77566,288457,39090,91,10543460.29,0.12173913,0.332168675,1.271806593
77568,7799,1428,11,421055.84,0.12,0.399,1.580254545
77571,22417,3486,20,897714.77,0.089090909,0.362857143,1.3376
77573,78090,14752,83,3836067.73,0.12125,0.36046875,1.457862651
77575,41597,4367,25,910705.54,0.074666667,0.348421053,1.402224
77578,9495,2630,9,445323.42,0.116,0.45,2.255144444
77580,2156,98,1,52611.8,0.14,0.53,2.0215
77581,255413,15112,52,7924774.01,0.0892,0.37825,1.371278846
77583,5003,1205,3,226341.42,0.095,0.473333333,2.138833333
77584,192904,26575,111,7149754.65,0.122698413,0.381397849,1.541956757
77586,10112,2962,16,538496.14,0.113,0.314166667,1.2044125
77587,1615,170,2,59140.14,,0.44,2.23965
77589,5341,737,1,266294.91,0.15,0.48,2.85
77590,27655,5057,20,1361143.57,0.096666667,0.343157895,1.27813
77591,204894,32140,78,9820699.59,0.117868852,0.459577465,1.920484615
77598,2158045,120334,305,45962930.82,0.142,0.395280899,1.732121311
77611,17736,1866,6,440577.73,0.074,0.308333333,1.0891
77612,8505,661,3,101135.01,0.073333333,0.386666667,1.145366667
77613,1711,136,1,32370.17,,0.38,0.9085
77619,16581,3030,12,807581.05,0.12125,0.446666667,1.702775
77622,489,18,1,9798.83,,,2.4423
77623,933,45,1,25263.3,,,1.6086
77625,2397,318,2,69677.67,0.09,0.4,1.54635
77627,228030,15152,49,4087978.34,0.099333333,0.418085106,1.539444898
77630,100145,17391,38,3672861.93,0.091290323,0.389722222,1.348436842
77632,3945,504,4,122623.54,0.11,0.32,1.070075
77640,109492,18570,49,5911982.64,0.12075,0.455918367,1.874085714
77642,345190,34016,91,13504658.62,0.172931034,0.409411765,1.592026374
77643,26821,14277,6,502921.83,0.13,0.44,1.846216667
77650,1475,150,1,27401.06,0.09,0.26,0.9769
77651,42336,4728,19,1261507.52,0.093571429,0.364705882,1.383547368
77656,64113,4168,15,1361238.96,0.09,0.365714286,1.274166667
77657,14090,2355,15,371961.82,0.0975,0.343076923,1.18586
77659,3077,506,4,90113.38,0.08,0.376666667,1.26275
77662,9465,2092,7,299399.15,0.07,0.324285714,1.146785714
77665,4312,1075,7,228445,0.053333333,0.435,2.0206
77701,638742,60113,118,18752793.56,0.131304348,0.417787611,1.548325424
77702,1399843,121595,217,39448511.3,0.143842105,0.423971292,1.718821659
77703,6198,907,4,240501.3,0.065,0.4525,1.494275
77705,4309,661,6,149167.17,0.09,0.41,1.563716667
77706,258873,75109,101,7941318.85,0.104375,0.392888889,1.49730099
77707,119116,23269,41,7413377.68,0.108235294,0.403684211,1.5252
77708,2204,1218,6,279105.45,0.09,0.394,1.1697
77710,50,25,1,998.87,,,1.0845
77713,16243,2395,7,365330.48,0.095,0.315714286,1.021314286
77726,787,684,2,72118.87,0.16,0.415,1.76865
77801,97951,2324,1,1769252.25,0.14,0.43,2.0179
77802,688478,148895,292,30933372.09,0.129955556,0.355407407,1.427341096
77803,11353,1665,4,709290.41,0.14,0.325,1.15815
77805,4039,295,1,25291.13,,0.29,1.249
77807,4143,646,6,253393.24,0.056666667,0.2975,1.109116667
77808,4401,2673,6,259713.83,0.095,0.33,1.432133333
77833,199664,21087,60,4745821.45,0.116578947,0.269574468,1.145541667
77836,5712,2105,10,227721.92,0.121428571,0.393333333,1.43917
77840,163886,31468,123,5938678.73,0.1068,0.323366337,1.237430081
77842,6585,164,1,140618.96,0.08,0.26,0.952
77843,1023,409,3,45800.47,0.12,0.373333333,1.642333333
77845,365524,41204,144,14310569.35,0.114456522,0.342542373,1.298238889
77846,41,39,1,2543.98,,0.36,1.4264
77856,18904,631,3,365858.76,0.155,0.443333333,1.5765
77859,3571,558,3,194348.1,0.105,0.51,1.6077
77864,13582,2386,9,488741.44,0.095,0.354444444,1.4499
77865,732,153,1,15520.71,,0.58,1.056
77868,22410,3141,7,1280535.13,0.118571429,0.402857143,1.738428571
77871,4603,66,1,68358.17,,0.32,1.6167
77880,512,139,1,28031.07,0.1,0.22,1.0838
77901,1079808,136298,200,35333923.33,0.141785714,0.447628866,1.6612075
77904,136303,33096,83,8764355.37,0.088909091,0.352564103,1.109072289
77905,1472,230,3,38598.17,0.11,0.433333333,1.439666667
77912,149,145,1,7514.52,,0.2,1.2466
77954,17878,4572,20,688823.08,0.079230769,0.410625,1.500655
77957,25747,739,6,487086.02,0.11,0.448333333,1.635983333
77962,9147,520,1,208135.88,0.08,0.41,1.261
77963,7947,455,2,147106.63,0.09,0.395,1.45615
77964,32519,2444,11,794947.03,0.102857143,0.401111111,1.389763636
77979,57752,8110,25,1481038.07,0.095555556,0.3996,1.109684
77984,9755,1446,5,329713.8,0.1225,0.312,1.16984
77995,17298,2193,12,707617.07,0.102727273,0.4225,1.574875
78003,22531,1738,6,572077.01,0.086,0.445,1.810716667
78006,145607,18317,59,3873955.35,0.09525,0.309411765,1.226545763
78009,38978,6349,15,1230611.88,0.08375,0.355714286,1.211813333
78013,5867,475,2,144756.4,0.06,0.21,0.91655
78014,5161,744,4,243206.46,0.055,0.566666667,1.868975
78015,718,409,4,45592.61,0.12,0.393333333,1.53305
78016,2234,478,1,94724.27,0.05,0.56,1.6361
78017,193,160,2,11795.8,0.1,0.42,1.9313
78022,558,164,1,25249.46,0.13,0.55,2.0813
78023,42249,5341,23,1400860.3,0.078888889,0.398571429,1.352065217
78026,29225,3347,12,1021913.21,0.081428571,0.465833333,1.773408333
78028,632665,98761,165,23416729.82,0.123722628,0.284489796,1.257167879
78040,60411,9700,17,3484891.48,0.0575,0.588125,1.736341176
78041,989696,90039,191,36779838.2,0.099461538,0.564153005,1.859745026
78043,98576,8374,20,4521123.61,0.063076923,0.580555556,1.75612
78045,44815,9415,39,2083533.65,0.103684211,0.555882353,1.828417949
78046,18288,524,4,365741.22,0.055,0.596666667,1.549525
78052,6703,1232,5,187776.08,0.056666667,0.458,1.38462
78061,7682,1530,9,278078.38,0.056666667,0.45375,1.246255556
78063,2752,351,1,67194.29,0.05,0.25,0.9134
78064,33355,6172,25,1652648.57,0.078,0.449130435,1.538268
78070,28851,4695,15,722927.93,0.08875,0.266363636,1.0234
78071,1405,245,3,29437.07,0.09,0.28,1.131966667
78073,297,132,1,19340.14,,0.32,1.0229
78076,52153,2030,7,751732.71,0.075,0.568571429,2.074414286
78101,319,120,1,5267.46,,0.37,0.8995
78102,74896,8327,26,2506852.66,0.09375,0.49,1.779384615
78104,1897,370,1,313835.56,0.09,0.29,1.1257
78108,943,242,2,58376.67,0.08,0.43,1.9807
78109,4531,1375,10,135661.07,0.05,0.373,1.15791
78114,43023,4827,25,1518178.1,0.102857143,0.42,1.576736
78118,18063,411,2,308878.11,0.09,0.265,1.68395
78119,13689,2029,6,542169.75,0.095,0.401666667,1.486016667
78121,3547,559,5,69118.48,0.1,0.315,1.21626
78123,92,33,2,1613.5,0,,1.15635
78130,919558,88815,198,26587576.69,0.110555556,0.343461538,1.374620202
78131,76541,3248,1,1608675.1,0.15,0.45,2.2407
78132,22414,4143,15,709698.22,0.126363636,0.251333333,1.056686667
78133,663,62,1,14183.63,,0.31,0.7393
78147,31142,395,1,648661.79,0.12,0.71,4.2196
78148,16147,1443,8,417193.26,0.074,0.324285714,1.0843
78150,1412,114,3,28809.35,0,0.28,0.974833333
78154,201982,15541,47,6584365.98,0.086521739,0.322,1.099514894
78155,208897,42218,94,11602816.38,0.102686567,0.38127907,1.58032234
78160,1940,61,1,36974.17,,0.51,2.0137
78163,15136,1565,13,521569.59,0.066666667,0.257777778,1.092738462
78164,5511,398,2,105468.21,0.095,0.425,1.49275
78185,607,482,1,44753.6,0.09,0.44,1.7583
78201,68394,13281,41,4602688.94,0.09,0.423333333,1.71664878
78202,8810,1859,7,567686.35,0.103333333,0.56,2.061371429
78204,539,305,3,31304.65,0.055,0.525,1.4759
78205,332187,70319,193,24190334.17,0.096071429,0.500217391,2.249601036
78207,322945,57494,197,14951384.82,0.078488372,0.51220339,1.913308122
78209,279011,43296,93,13241453.2,0.096333333,0.341898734,1.355278495
78210,19570,1530,10,730054.97,0.056,0.542,2.52857
78211,74453,4094,19,1862804.2,0.042727273,0.566666667,2.195194737
78212,975114,77544,214,32635076.2,0.120915493,0.44785,1.691865421
78213,190491,44826,36,4893540.68,0.089090909,0.345625,1.271413889
78214,55084,8709,44,2146636.53,0.091904762,0.506818182,1.846327273
78215,454499,101543,124,19080999,0.105894737,0.525304348,2.233453226
78216,387168,77277,310,21088010.82,0.120222222,0.415663082,1.647865161
78217,640043,51878,141,19030490.92,0.139183673,0.410076923,1.632102128
78218,56702,10319,36,2302855.5,0.100952381,0.327586207,1.142580556
78219,2974,578,7,111029.89,0.103333333,0.384,1.4768
78220,22083,3593,16,871864.83,0.05,0.5025,1.50366875
78221,39707,7065,39,1459418.22,0.065789474,0.477142857,1.628441026
78222,230630,10596,44,5482388.74,0.121666667,0.444102564,1.854184091
78223,54645,7454,60,1935004.07,0.056896552,0.443555556,1.443306667
78224,155907,17849,69,6135562.93,0.091351351,0.549375,2.075766667
78225,10567,681,5,178053.92,,0.522,1.39196
78226,1351,191,5,36980.15,0,0.71,1.43296
78227,24708,3226,15,661634.64,0.057142857,0.370666667,1.060933333
78228,81844,10712,36,3497442.19,0.066521739,0.481333333,1.777522222
78229,5441043,680626,1550,177421462.1,0.140478983,0.427788184,1.878744903
78230,92663,25367,83,4392789.01,0.150363636,0.402769231,1.465406024
78231,59651,6297,36,2458377.61,0.084666667,0.365172414,1.409544444
78232,389740,24738,108,10806615.82,0.091666667,0.36627907,1.666437037
78233,646293,62612,122,23187670.01,0.132018349,0.394201681,1.57717459
78234,38437,15491,114,3101951.55,0.157446809,0.453369565,1.919403509
78235,85075,4688,16,2228649.19,0.144615385,0.48,2.0901375
78236,38691,14159,71,2450474.85,0.135,0.412068966,1.852564789
78237,22884,5578,29,761848.82,0.047777778,0.513461538,1.523782759
78238,147080,11658,44,4723852.08,0.088888889,0.427941176,1.570252273
78239,2825,485,6,49261.78,0.06,0.404,1.729366667
78240,643795,75165,259,41015013.15,0.132981366,0.408214286,1.569686486
78241,95,50,1,7087.88,,0.44,1.0805
78242,58,28,1,1239.41,,0.39,0.8594
78244,354,162,3,6310.24,0,0.41,0.976766667
78245,5543,1694,9,206527.75,0.065,0.4225,1.409655556
78247,20946,3859,34,999612.44,0.060714286,0.3548,1.306455882
78248,31327,8434,26,1351506.03,0.09,0.386666667,1.412965385
78249,55538,5152,32,1627883.22,0.074,0.369545455,1.37006875
78250,10996,4552,22,542425.32,0.063846154,0.345,1.383954545
78251,137790,20128,107,6227646.52,0.099310345,0.42032967,1.537669159
78253,12266,3323,19,583739.16,0.1,0.341333333,1.175421053
78254,4769,1032,6,229364.24,0.115,0.358,1.345716667
78255,12100,968,10,363063.39,0.11,0.385,1.3024
78256,20585,6664,24,1616289.05,0.094375,0.424782609,1.655341667
78257,19990,4913,16,722294.06,0.095,0.329230769,1.179025
78258,1613444,109727,307,50069770.19,0.110366972,0.330284698,1.281195114
78259,29030,5886,23,1373476.89,0.109375,0.438421053,1.770430435
78260,10455,3035,11,403113,0.092,0.511818182,2.508454545
78261,8410,3672,13,356140.35,0.114285714,0.4275,1.908069231
78263,9671,1227,4,219502.2,0.07,0.3175,0.972075
78264,22,16,1,1501.05,0,,0.8854
78266,4430,676,2,92870.83,0.14,0.375,1.65585
78269,453,368,1,43920.73,0.08,0.37,1.38
78332,212568,22641,48,6016727.25,0.095,0.529782609,1.743114583
78336,47999,9028,28,1876122.18,0.082857143,0.415416667,1.607882143
78341,2320,53,1,39381.35,,0.66,2.4551
78355,11542,898,3,375886.51,0.07,0.63,1.3329
78357,3274,103,2,51205.12,,0.655,2.35905
78361,33427,284,2,450054.79,0.1,0.63,2.5434
78362,10610,938,6,354800.24,0.08,0.3925,1.378933333
78363,183523,11759,34,3307932.96,0.080434783,0.487419355,1.576047059
78368,16302,880,3,361396.57,0.075,0.59,2.002
78373,10756,2144,5,477033,0.06,0.415,1.3479
78374,44616,8710,26,1474408.09,0.095333333,0.389130435,1.40955
78377,1168,484,4,80271.01,0.12,0.43,1.555225
78380,10522,700,7,241244.61,0.085,0.464285714,1.727385714
78382,90463,13937,48,2903079.08,0.098285714,0.377619048,1.481752083
78384,4393,169,1,126662.94,0.07,0.68,2.9051
78387,21596,1098,5,567674.77,0.064,0.6675,2.01208
78390,8078,486,4,171206.41,0.105,0.4775,1.68005
78401,3138,597,5,207992.78,0.2,0.5,1.76836
78404,1251377,181176,210,39290280.36,0.133246073,0.522355769,2.281925714
78405,223042,29081,123,7755970.87,0.121794872,0.501779661,2.038173984
78408,75329,4798,4,2635065.1,0.115,0.45,1.8652
78409,195,188,1,26346.26,0.16,0.4,1.4852
78410,44860,7107,37,1873242.18,0.088095238,0.416764706,1.316448649
78411,415904,75414,224,20913636.22,0.099817073,0.439121951,1.783258036
78412,480335,21321,73,12994123.2,0.154897959,0.376176471,1.495017808
78413,55277,12579,50,3136291,0.0728,0.432045455,1.455848
78414,225396,38038,129,11271694.17,0.105730337,0.428655462,1.541573643
78415,85715,3817,19,3281562.4,0.067,0.475,1.569678947
78416,23053,894,4,729823.65,0.115,0.48,2.222575
78418,35763,7332,30,1384160.39,0.100454545,0.426428571,1.712246667
78419,327,123,2,11447.81,0.14,0.49,2.64255
78501,468351,49554,123,19351493.06,0.082235294,0.544700855,1.962746341
78503,1600151,151609,230,62157117.72,0.104301676,0.588394495,2.380928696
78504,530667,75326,145,19467881.67,0.085789474,0.508615385,1.769734483
78516,139665,10767,15,4269496.1,0.082,0.544285714,1.835186667
78520,397775,63232,110,21116528.25,0.094578313,0.559805825,2.085973636
78521,386827,21658,50,9670157.15,0.101944444,0.497391304,1.617172
78523,2695,352,2,42144.46,0.11,0.535,1.39575
78526,137874,25539,75,7177585.89,0.09754717,0.5553125,1.856986667
78537,117974,10529,12,2156281.88,0.05375,0.605454545,1.513866667
78538,10943,29,1,338994.97,,0.75,6.2454
78539,1426064,133939,250,37487670.95,0.110171429,0.545145228,1.8449192
78541,36721,2111,6,1266412.01,0.09,0.615,2.386733333
78542,10491,917,5,358254.75,0.025,0.57,1.45042
78543,42025,2762,10,1014442.28,0.0625,0.691,2.41642
78550,1512493,179962,315,48243412.56,0.114804688,0.522941176,1.901713016
78552,11581,2109,14,408324.68,0.052222222,0.4625,1.159314286
78557,622,103,1,19916.67,,0.43,1.9156
78559,1295,454,2,35665.75,0.05,0.56,1.3822
78560,76422,1686,4,1494055.97,0.05,0.6525,2.834075
78566,5053,427,3,155963.76,0.09,0.53,2.1651
78570,16537,1035,5,466040.56,0.066666667,0.58,2.27
78572,764115,60220,126,21561940.48,0.087790698,0.538571429,2.058815873
78573,29919,1500,12,755759.45,0.054,0.544,1.810416667
78574,42871,1502,7,364500.5,0.1075,0.512857143,2.067028571
78575,109,98,2,15555.77,,0.465,2.03215
78576,15552,512,2,306841.92,0.05,0.56,1.313
78577,197887,13650,36,5031715.23,0.062857143,0.525555556,1.678072222
78578,16698,1810,6,316632.83,0.098333333,0.328333333,1.165316667
78580,161125,3365,11,3194223.36,0.073333333,0.55,1.749463636
78582,82940,6456,22,2815818.93,0.057272727,0.603181818,2.312995455
78584,5200,1563,2,94358.32,0.06,0.53,1.5621
78586,62614,6330,20,1543380.24,0.075833333,0.490555556,1.589845
78589,37178,3151,19,1024291.81,0.062,0.540555556,1.604042105
78593,73,43,1,551.58,,0.56,1.2937
78596,591593,68751,101,22945242.15,0.093472222,0.55742268,1.784313861
78597,6204,915,6,206363.26,0.093333333,0.416,1.505633333
78599,3486,570,3,168306.53,0.095,0.535,1.677433333
78602,70833,11777,51,2539039.56,0.08,0.300851064,1.184762745
78606,14468,1195,5,325886.38,0.056666667,0.32,1.17848
78610,8817,1976,11,357951.18,0.056666667,0.325555556,1.024572727
78611,66978,9987,30,2122351.35,0.11047619,0.291071429,1.207643333
78613,217297,40229,170,11817927.16,0.11047619,0.328472222,1.292734118
78615,372,19,1,14812.48,,0.58,2.4993
78617,95,34,1,443.27,,0.75,1.4283
78620,25725,3157,18,697020.26,0.087272727,0.239230769,1.18245
78621,12522,1228,8,288081.99,0.084,0.314285714,1.1247
78624,487449,44620,95,14778472.76,0.122650602,0.254831461,1.114021053
78626,889973,53027,117,21308615.83,0.133493976,0.33752381,1.378893162
78628,132886,29367,72,7982394.73,0.091666667,0.278225806,1.043738889
78629,39033,3633,20,1232973.48,0.074166667,0.431111111,1.44259
78631,1165,134,2,28439.48,,0.34,1.7073
78633,20879,5224,15,1001912.63,0.107272727,0.276153846,1.1217
78634,8181,1598,11,277972.29,0.113333333,0.341111111,1.087036364
78636,8338,680,4,238807.11,0.095,0.3575,1.644025
78639,4390,748,6,177194.61,0.075,0.358333333,1.457633333
78640,89828,15300,81,3678872.43,0.129019608,0.414347826,1.588155556
78641,24408,5350,30,1007551.26,0.093333333,0.340714286,1.291856667
78642,6491,1173,6,182293.31,0.09,0.27,0.948766667
78643,54574,16754,19,1604047.83,0.118666667,0.314705882,1.365357895
78644,30930,5320,21,989852.55,0.076875,0.392941176,1.294219048
78645,11465,1917,10,359661.29,0.086666667,0.282222222,1.22284
78648,24833,3988,12,1002572.6,0.111,0.46,1.7626
78652,1926,158,5,75020.81,,0.43,1.55716
78653,893,130,1,21730.42,0.1,0.3,0.9381
78654,376321,32592,64,9191990.16,0.1104,0.278983051,1.195046875
78657,6556,1515,3,271846.77,0.09,0.486666667,2.541166667
78660,31409,6881,44,1187003.13,0.070454545,0.330833333,1.069781818
78663,107,25,1,2799.88,0,0.75,1.2235
78664,285441,21570,81,8690188.26,0.079210526,0.320967742,1.197997531
78665,205101,52766,145,9211140.96,0.147117117,0.362313433,1.473944828
78666,609129,63242,144,21435848.72,0.123595506,0.34129771,1.384141667
78669,1882,319,3,67706.9,,0.52,2.062066667
78676,28549,2968,13,730249.72,0.1,0.247272727,0.987930769
78681,781912,43361,189,18692235.73,0.140416667,0.333503185,1.247587831
78701,129676,36844,203,7483738.09,0.126299213,0.406201117,1.864875862
78702,171089,14927,37,6570798.52,0.171818182,0.406129032,1.433856757
78703,28196,4915,38,1216631.48,0.147058824,0.296111111,1.405202632
78704,213798,33481,141,6601822.27,0.096857143,0.354473684,1.325755319
78705,1693904,204845,709,75699050.63,0.139822064,0.349368088,1.708245416
78712,680,150,3,23259.51,,0.275,1.101866667
78717,21917,3849,27,828784.18,0.07,0.297777778,1.069307407
78721,103263,4213,2,2014886.65,0.125,0.44,2.0298
78722,563,255,5,25008.91,0.046666667,0.39,1.26302
78723,35563,6044,37,1611471.07,0.075454545,0.464444444,2.332648649
78724,4946,213,3,447097.14,0.11,0.496666667,1.6897
78726,10584,1466,13,234667.62,0.09,0.2575,0.985123077
78727,13528,4962,15,614425.96,0.107142857,0.365,1.41108
78728,5872,674,7,109250.73,0.1,0.35,1.1306
78729,7115,2046,8,217691.44,0.056666667,0.27,1.046725
78730,17103,3958,13,1238483.47,0.08,0.284,1.182838462
78731,918732,121588,385,35920940,0.138217054,0.370088757,1.508497143
78732,18018,4299,15,1031553.93,0.115,0.282307692,1.177293333
78733,5770,997,5,397943.12,0.146666667,0.418,2.12878
78734,62016,10771,45,2639573.94,0.1064,0.253823529,1.031051111
78735,68170,9304,46,3748906.04,0.085517241,0.362857143,1.512106522
78736,138,68,1,13765.55,,0.38,1.9494
78737,19476,4522,26,1163328.05,0.097333333,0.287727273,1.050192308
78738,52245,4923,36,1859778.3,0.1125,0.250833333,1.037344444
78739,6109,1063,4,294392.87,0.103333333,0.356666667,1.5299
78741,3828,953,10,177511.12,0.15,0.398571429,1.54638
78744,1914,743,5,60216.41,0.113333333,0.33,1.1928
78745,1164556,77041,210,35283168.96,0.129300699,0.323953488,1.295242857
78746,209079,35300,157,10524556.99,0.103956044,0.265130435,1.116496815
78747,13155,600,2,552595.46,0.05,0.28,1.78085
78748,603758,47799,30,15701163.59,0.073571429,0.292,0.9936
78749,37939,6241,44,1291524.96,0.099375,0.252058824,1.062890909
78750,52790,9716,69,1947916.99,0.086969697,0.274222222,0.955446377
78751,129665,14487,66,6241977.79,0.085714286,0.399583333,1.838233333
78752,26535,12195,48,1554632.56,0.103548387,0.375641026,1.66998125
78753,10000,2377,25,366672.48,0.04375,0.2825,0.993856
78754,5167831,472383,10,56146561.01,0.068,0.4,1.71324
78756,239514,59220,138,16107483.61,0.137314815,0.360409836,1.896052174
78757,118003,32489,75,7548485.29,0.089787234,0.30245614,1.30198
78758,1177327,93282,250,36346517.28,0.131373626,0.354933333,1.473146
78759,1360563,306940,457,42039279.08,0.139382353,0.320454545,1.418551641
78764,455,32,1,25579.86,,0.34,1.8382
78801,141458,16919,43,4437444.7,0.113870968,0.453170732,1.530955814
78804,1110,132,1,31816.32,0.08,0.32,0.8904
78832,8007,294,3,75416.65,,0.535,1.332433333
78833,5208,78,1,74481.53,,0.42,1.9025
78834,67658,2578,15,1900715.73,0.064,0.525,1.806153333
78839,7734,673,5,148544.91,0.05,0.524,1.32196
78840,187391,15795,50,4941094.37,0.077037037,0.492765957,1.535356
78852,236032,15163,47,8351718.16,0.0764,0.585555556,2.280119149
78861,24355,2080,14,603043.69,0.11,0.399285714,1.509928571
78873,2064,83,2,34425.07,,0.305,1.5207
78880,5693,386,2,71929.27,0.07,0.585,1.418
78881,1025,33,1,23032.81,,0.42,2.0123
78884,2508,272,2,36747.1,0.07,0.355,1.43885
78912,327,209,1,18143.04,0.08,0.52,2.0252
78934,180983,17831,23,5105523.64,0.10875,0.3615,1.361608696
78935,348,322,1,43053.42,0.13,0.3,1.0625
78941,4529,1087,2,167734.26,0.08,0.275,1.1878
78942,30182,1468,9,653582.17,0.093333333,0.291111111,1.049244444
78945,87272,16159,39,3845363.54,0.110625,0.303142857,1.239805128
78947,2313,272,3,74012.02,0.09,0.365,1.877866667
78956,11221,1545,7,375007.04,0.085,0.351666667,1.174557143
78957,7435,3365,13,464857.87,0.130909091,0.383333333,1.635307692
78962,42989,2276,3,934142.08,0.09,0.33,1.2914
79005,1973,26,1,30250.35,,,1.3755
79007,28902,3659,17,877495.32,0.091818182,0.244285714,1.211370588
79009,3344,388,3,80170.06,,0.2,1.4057
79010,3977,214,1,88023.81,0.07,0.21,0.9703
79014,7655,1481,6,263760.6,0.086,0.226,0.993933333
79015,46137,6199,21,1282625.23,0.082941176,0.276315789,1.153209524
79016,787,264,2,38481.73,0.12,0.295,1.36115
79019,3467,468,3,87773.26,0.115,0.326666667,1.721266667
79022,1865,572,7,79911.91,,0.328,1.632071429
79027,640,134,3,34708.86,,0.52,2.245166667
79029,36143,7154,24,1088888.78,0.116666667,0.2955,1.271891667
79031,1295,29,1,20013.1,,,1.5299
79035,6222,656,5,125011.28,0.1,0.32,1.46072
79036,4561,103,1,78043.17,0.17,0.36,1.64
79039,774,15,1,10939.24,,,1.4718
79040,3821,41,1,49483.06,,0.37,1.4372
79041,2955,188,3,42986.51,0.23,0.335,1.307366667
79042,668,13,1,9865.59,0,,0.8748
79044,322,11,1,7844.85,,,2.1307
79045,8123,2559,16,293805.56,0.071666667,0.367857143,1.310475
79054,2495,60,2,43659.81,,0.445,2.234
79064,3803,58,1,55021.32,,0.36,1.8911
79065,84076,9807,35,3251649.82,0.089310345,0.291875,1.23616
79068,7676,629,4,127349.86,0.06,0.2725,1.067175
79070,18476,2227,10,432178.95,0.081666667,0.242,1.03665
79072,125998,18603,41,4458080.22,0.090714286,0.338421053,1.253056098
79079,1239,217,3,46617.2,0.13,0.34,1.379066667
79081,7168,753,3,182020.23,0.07,0.276666667,1.212866667
79083,1458,121,2,25258.91,,0.34,1.4331
79084,3031,50,1,42227.95,,0.3,1.7903
79086,1618,225,1,58131.82,0.08,0.25,1.1698
79087,1437,280,1,42415,0.04,0.28,1.022
79088,2295,705,6,92409.3,0.075,0.3,1.25705
79092,304,11,1,5796.48,0,,2.0059
79095,4462,250,2,95522.94,0.07,0.37,1.73715
79096,5470,391,2,123430.54,0.08,0.38,1.39215
79097,1321,39,1,24374.18,,0.44,2.008
79101,7520,1143,7,241010.14,0.096666667,0.245,1.183914286
79102,8420,1136,9,373912.84,0.09,0.252,1.231977778
79103,1943,796,5,42220.11,0.07,0.2375,0.93274
79106,2302741,336057,499,88452230.76,0.132406015,0.327041943,1.507213828
79107,14844,4241,22,492258.53,0.073333333,0.389411765,1.323572727
79109,100250,22532,80,3002217.51,0.099,0.25761194,1.15680625
79110,38232,1490,8,1608121.53,0.072,0.272,1.1963875
79118,36861,1118,8,1169588.18,0.103333333,0.316666667,1.4824125
79119,162156,29340,39,3948958.78,0.125882353,0.268421053,1.220823077
79121,7382,2460,9,466113.86,0.112,0.37,1.438811111
79124,404753,23389,63,12043270.86,0.104047619,0.313220339,1.428819048
79159,180,17,1,6877.37,,,1.5056
79201,11612,3169,14,473801.6,0.101666667,0.311538462,1.306971429
79225,2371,346,2,46183.55,0.08,0.295,1.0506
79226,13065,576,2,139209.97,0.05,0.25,1.30535
79227,2622,53,1,44914.42,,0.49,1.9373
79229,2099,350,1,158799.61,0.07,0.42,1.2804
79235,5423,437,3,94113.09,0.1,0.32,1.192633333
79241,2716,684,5,107228.81,0.116666667,0.34,1.28076
79244,2265,27,1,27263.62,,,1.5218
79245,5331,173,3,116398.76,0.075,0.295,1.237533333
79248,2737,52,1,45713.74,,0.38,1.9753
79252,6567,454,4,151301.59,0.103333333,0.3775,1.36185
79257,1558,24,1,23354.7,,,1.5683
79261,734,13,1,10835.69,,,1.0892
79311,39,29,1,224,,,1.2412
79312,560,16,1,11183.77,,,1.2255
79316,15600,2013,11,535493.35,0.084,0.338888889,1.171781818
79322,2130,904,3,83553.1,0.076666667,0.31,1.3063
79323,1828,676,6,114422.62,0.085,0.4525,1.541783333
79325,3653,206,2,67636.49,0.08,0.3,1.39085
79329,5749,778,4,139924.12,0.07,0.2725,1.161225
79331,16292,2087,15,491221.72,0.0875,0.365714286,1.352593333
79336,18351,2747,22,573942.39,0.108888889,0.366,1.304986364
79339,14808,1140,8,375070.6,0.068,0.35,1.5349125
79346,3280,532,3,84826.31,0.085,0.366666667,1.649966667
79347,20617,2185,12,505582.74,0.0875,0.309090909,1.350775
79350,745,31,1,18400.13,,0.39,2.1014
79355,572,22,1,14507.15,,,1.0881
79356,10504,443,3,147192.02,0.105,0.42,1.8259
79357,2062,51,1,39276.33,,0.45,2.3835
79359,2713,52,1,49977.9,,0.38,1.7827
79360,35143,2534,12,1590848.73,0.093333333,0.387272727,1.426708333
79363,7284,1170,4,188781.03,0.086666667,0.355,1.5108
79364,2700,476,4,55967.44,0.1,0.36,2.291325
79370,3019,37,1,36087.92,,0.32,1.8129
79371,3088,296,2,63952.52,0.06,0.3,1.48415
79373,6139,1872,6,271241.59,0.07,0.308333333,1.35695
79382,6273,796,3,152936.08,0.095,0.39,1.4513
79401,1833,935,4,130886.98,0.126666667,0.3,1.245575
79403,39691,446,4,1606462.3,0.16,0.4825,1.91165
79404,7849,1611,11,265896.97,0.0475,0.399,1.244227273
79407,175824,29656,84,7889315.62,0.107,0.342266667,1.379717857
79410,2227102,231543,328,54042118.09,0.139381818,0.35541806,1.65783811
79411,530,173,1,12429.2,0.06,0.31,1.0152
79412,48849,10398,40,2242684.47,0.1164,0.328055556,1.3876175
79413,95539,12677,41,3331035.14,0.104666667,0.362368421,1.48185122
79414,11009,3176,20,698494.72,0.089,0.326,1.224915
79415,145879,45610,95,6090329.12,0.11739726,0.417333333,1.792116842
79416,194751,29944,62,12915808.22,0.10125,0.347758621,1.721016129
79423,69735,7920,43,1916254.6,0.111666667,0.349705882,1.259369767
79424,426431,35663,104,11821018.94,0.105,0.272473118,1.129668269
79430,122940,41849,157,7517131.31,0.116909091,0.412357143,1.752226115
79464,1025,178,1,77096.71,0.08,0.28,1.1986
79501,2918,427,3,133331.93,,0.3,1.335166667
79502,4672,385,5,107680.57,,0.2775,1.65008
79504,9905,954,3,164199.65,0.066666667,0.333333333,1.2589
79510,12037,940,3,220031,0.103333333,0.256666667,1.3129
79512,11681,1052,6,323263.77,0.114,0.352,1.62605
79520,4281,603,2,161118.04,0.075,0.295,1.11445
79521,7533,704,4,257623.69,0.09,0.3275,1.486175
79528,4183,42,1,52377.13,,0.33,2.0136
79529,10955,576,6,207347.49,0.105,0.383333333,1.149883333
79536,5559,979,5,173262.83,0.04,0.345,1.38456
79546,2794,613,4,93694.31,0.126666667,0.3325,1.403775
79549,27044,3638,16,670343.93,0.108461538,0.342857143,1.52438125
79553,8678,1613,7,330416.29,0.052,0.321666667,1.368842857
79556,54223,5238,24,1315661.61,0.085333333,0.345,1.220858333
79562,3816,167,1,92772.62,0.1,0.31,1.846
79566,475,233,1,62069.05,0.13,0.37,1.2779
79567,4065,582,4,125072.89,0.096666667,0.3125,1.2945
79601,890289,165145,245,30760952.24,0.131990291,0.347489177,1.534462041
79602,15849,4429,18,1196188.6,0.037142857,0.253846154,1.289505556
79603,7530,1717,8,215179.38,0.086666667,0.296,0.9808625
79605,54434,9746,34,2467940.68,0.089545455,0.2744,1.159202941
79606,761221,74467,153,25494086.42,0.10537037,0.326594203,1.298492157
79618,208,182,1,11701.46,0.1,0.43,1.5042
79701,743890,70406,167,22314473.78,0.136,0.345743243,1.365301796
79703,90433,14571,32,4844441.69,0.094166667,0.324,1.36196875
79704,687,557,5,125011.97,0.18,0.358,1.43702
79705,69700,6775,38,2010051.25,0.097619048,0.339354839,1.283657895
79706,170297,9318,7,4240274.6,0.0625,0.32,1.134485714
79707,60313,10051,37,2028167.71,0.094230769,0.343636364,1.298556757
79714,23297,3618,21,919896.13,0.1,0.3575,1.365342857
79720,124770,17026,69,4853240.15,0.067179487,0.345423729,1.309166667
79731,725,274,3,66983.47,0.08,0.406666667,1.6455
79734,6065,529,2,168678.94,0.08,0.26,1.0831
79735,23588,3333,16,1137653.05,0.078333333,0.460666667,1.591575
79744,291,221,1,17421.72,0.12,0.41,1.6847
79745,5394,1282,3,242526.1,0.11,0.42,1.467833333
79752,364,127,2,22661.27,,0.37,1.28025
79756,15088,878,6,374696.58,0.165,0.443333333,1.52305
79760,8502,1981,4,483619.62,0.0875,0.483333333,1.6747
79761,680307,91368,210,25511614.41,0.114066667,0.415606061,1.514960952
79762,72379,11311,51,3188240.43,0.076666667,0.341956522,1.115784314
79763,67892,13836,63,2793765.15,0.08525,0.446792453,1.634173016
79764,19530,1592,6,488632.77,0.093333333,0.336,1.356016667
79765,30926,5922,15,1280821.22,0.090769231,0.360833333,1.24518
79766,33,17,1,521.64,,,0.5815
79772,14515,2703,15,545033.98,0.11,0.424166667,1.885686667
79778,4426,134,3,65572.34,0,0.49,1.5807
79782,3571,272,2,65279.36,0.19,0.395,1.35115
79789,170,138,1,10229.27,,0.3,1.3209
79821,7219,2722,4,149091.88,0.085,0.4575,1.299175
79830,26154,4319,22,609170.35,0.093333333,0.338947368,1.195027273
79835,1213,193,2,53129.95,0.12,0.58,1.5623
79837,1503,21,1,18186.91,,0.57,1.2253
79838,96,38,1,2330.34,,0.53,1.2618
79839,843,17,1,11233.5,,,2.1186
79843,6057,749,5,126215.1,0.025,0.396,1.12078
79845,3435,55,1,46447.04,,0.69,1.7294
79848,2266,21,1,26640.8,,0.52,1.9204
79901,112260,8461,8,3760230.42,0.056666667,0.514285714,1.5072875
79902,1263930,201464,430,63420372.4,0.115345345,0.469674185,1.85694907
79903,42094,5489,29,2035951.11,0.074444444,0.44,1.49282069
79904,28723,5561,13,1062536.63,0.07875,0.362727273,1.063838462
79905,132321,52325,225,8235951.36,0.11837037,0.492970297,1.913011111
79907,26925,5712,22,1207301.65,0.075,0.495789474,1.621827273
79911,4755,1876,4,305112.48,0.0825,0.6075,2.52745
79912,248233,57796,125,11091300.24,0.111927711,0.420782609,1.5593792
79915,523197,14008,37,12282917.94,0.171071429,0.515277778,1.800278378
79916,179,159,1,20282.55,0.13,0.43,1.7688
79920,13959,6259,38,1028345.25,0.122,0.441538462,1.702557895
79922,24089,4465,8,1349667.08,0.105714286,0.47,1.9156125
79924,51170,10049,30,1436780.89,0.06625,0.397241379,1.160416667
79925,402460,59840,147,17405222.48,0.114636364,0.484615385,1.769397279
79927,3573,346,3,88300.25,0.07,0.486666667,1.3319
79928,3991,709,6,156964.58,0.08,0.496,1.536733333
79930,644,466,4,65474.22,0.115,0.365,1.4089
79932,11202,2680,8,269814.25,0.102,0.371666667,1.5587625
79934,8830,1024,5,185348.71,0.06,0.33,1.2139
79935,43821,7774,37,1765869.65,0.09173913,0.433529412,1.588110811
79936,255030,28817,104,12306201.48,0.101538462,0.468510638,1.562620192
79938,20338,4817,20,1398160.63,0.083846154,0.483684211,1.854485
85741,90,49,1,6426.8,,,0.8442
87131,232,214,2,9189.53,0.06,0.36,1.2199
96240,865,559,1,71511.46,0.11,0.36,1.8289
